{"Version":1,"ManifestType":"Publish","Endpoints":[{"Route":"index.8ay2o2z4va.html","AssetFile":"index.html.gz","Selectors":[{"Name":"Content-Encoding","Value":"gzip","Quality":"0.000404694456"}],"ResponseHeaders":[{"Name":"Cache-Control","Value":"max-age=31536000, immutable"},{"Name":"Content-Encoding","Value":"gzip"},{"Name":"Content-Length","Value":"2470"},{"Name":"Content-Type","Value":"text/html"},{"Name":"ETag","Value":"\"34+F5XG9/tELlDDW8o1vgbcPlJCWYe886xW0rN5ZuB8=\""},{"Name":"Last-Modified","Value":"Fri, 27 Feb 2026 07:53:34 GMT"},{"Name":"Vary","Value":"Accept-Encoding"}],"EndpointProperties":[{"Name":"fingerprint","Value":"8ay2o2z4va"},{"Name":"integrity","Value":"sha256-EKp9RSUZaD0NMDKt5XgQ2y652KImo6EerLMxq+aMXR8="},{"Name":"label","Value":"index.html"},{"Name":"original-resource","Value":"\"EKp9RSUZaD0NMDKt5XgQ2y652KImo6EerLMxq+aMXR8=\""}]},{"Route":"index.8ay2o2z4va.html","AssetFile":"index.html.br","Selectors":[{"Name":"Content-Encoding","Value":"br","Quality":"0.000507872016"}],"ResponseHeaders":[{"Name":"Cache-Control","Value":"max-age=31536000, immutable"},{"Name":"Content-Encoding","Value":"br"},{"Name":"Content-Length","Value":"1968"},{"Name":"Content-Type","Value":"text/html"},{"Name":"ETag","Value":"\"14TSiXCSGp1255BZgZBvFvy8xXspImqoE9TEsiSfTQE=\""},{"Name":"Last-Modified","Value":"Fri, 27 Feb 2026 07:53:35 GMT"},{"Name":"Vary","Value":"Accept-Encoding"}],"EndpointProperties":[{"Name":"fingerprint","Value":"8ay2o2z4va"},{"Name":"integrity","Value":"sha256-EKp9RSUZaD0NMDKt5XgQ2y652KImo6EerLMxq+aMXR8="},{"Name":"label","Value":"index.html"},{"Name":"original-resource","Value":"\"EKp9RSUZaD0NMDKt5XgQ2y652KImo6EerLMxq+aMXR8=\""}]},{"Route":"index.8ay2o2z4va.html","AssetFile":"index.html","Selectors":[],"ResponseHeaders":[{"Name":"Cache-Control","Value":"max-age=31536000, immutable"},{"Name":"Content-Length","Value":"8416"},{"Name":"Content-Type","Value":"text/html"},{"Name":"ETag","Value":"\"EKp9RSUZaD0NMDKt5XgQ2y652KImo6EerLMxq+aMXR8=\""},{"Name":"Last-Modified","Value":"Fri, 27 Feb 2026 07:53:01 GMT"},{"Name":"Vary","Value":"Accept-Encoding"}],"EndpointProperties":[{"Name":"fingerprint","Value":"8ay2o2z4va"},{"Name":"integrity","Value":"sha256-EKp9RSUZaD0NMDKt5XgQ2y652KImo6EerLMxq+aMXR8="},{"Name":"label","Value":"index.html"}]},{"Route":"index.8ay2o2z4va.html.br","AssetFile":"index.html.br","Selectors":[],"ResponseHeaders":[{"Name":"Cache-Control","Value":"max-age=31536000, immutable"},{"Name":"Content-Encoding","Value":"br"},{"Name":"Content-Length","Value":"1968"},{"Name":"Content-Type","Value":"text/html"},{"Name":"ETag","Value":"\"14TSiXCSGp1255BZgZBvFvy8xXspImqoE9TEsiSfTQE=\""},{"Name":"Last-Modified","Value":"Fri, 27 Feb 2026 07:53:35 GMT"},{"Name":"Vary","Value":"Accept-Encoding"}],"EndpointProperties":[{"Name":"fingerprint","Value":"8ay2o2z4va"},{"Name":"integrity","Value":"sha256-14TSiXCSGp1255BZgZBvFvy8xXspImqoE9TEsiSfTQE="},{"Name":"label","Value":"index.html.br"}]},{"Route":"index.8ay2o2z4va.html.gz","AssetFile":"index.html.gz","Selectors":[],"ResponseHeaders":[{"Name":"Cache-Control","Value":"max-age=31536000, immutable"},{"Name":"Content-Encoding","Value":"gzip"},{"Name":"Content-Length","Value":"2470"},{"Name":"Content-Type","Value":"text/html"},{"Name":"ETag","Value":"\"34+F5XG9/tELlDDW8o1vgbcPlJCWYe886xW0rN5ZuB8=\""},{"Name":"Last-Modified","Value":"Fri, 27 Feb 2026 07:53:34 GMT"},{"Name":"Vary","Value":"Accept-Encoding"}],"EndpointProperties":[{"Name":"fingerprint","Value":"8ay2o2z4va"},{"Name":"integrity","Value":"sha256-34+F5XG9/tELlDDW8o1vgbcPlJCWYe886xW0rN5ZuB8="},{"Name":"label","Value":"index.html.gz"}]},{"Route":"index.html","AssetFile":"index.html.gz","Selectors":[{"Name":"Content-Encoding","Value":"gzip","Quality":"0.000404694456"}],"ResponseHeaders":[{"Name":"Cache-Control","Value":"no-cache"},{"Name":"Content-Encoding","Value":"gzip"},{"Name":"Content-Length","Value":"2470"},{"Name":"Content-Type","Value":"text/html"},{"Name":"ETag","Value":"\"34+F5XG9/tELlDDW8o1vgbcPlJCWYe886xW0rN5ZuB8=\""},{"Name":"Last-Modified","Value":"Fri, 27 Feb 2026 07:53:34 GMT"},{"Name":"Vary","Value":"Accept-Encoding"}],"EndpointProperties":[{"Name":"integrity","Value":"sha256-EKp9RSUZaD0NMDKt5XgQ2y652KImo6EerLMxq+aMXR8="},{"Name":"original-resource","Value":"\"EKp9RSUZaD0NMDKt5XgQ2y652KImo6EerLMxq+aMXR8=\""}]},{"Route":"index.html","AssetFile":"index.html.br","Selectors":[{"Name":"Content-Encoding","Value":"br","Quality":"0.000507872016"}],"ResponseHeaders":[{"Name":"Cache-Control","Value":"no-cache"},{"Name":"Content-Encoding","Value":"br"},{"Name":"Content-Length","Value":"1968"},{"Name":"Content-Type","Value":"text/html"},{"Name":"ETag","Value":"\"14TSiXCSGp1255BZgZBvFvy8xXspImqoE9TEsiSfTQE=\""},{"Name":"Last-Modified","Value":"Fri, 27 Feb 2026 07:53:35 GMT"},{"Name":"Vary","Value":"Accept-Encoding"}],"EndpointProperties":[{"Name":"integrity","Value":"sha256-EKp9RSUZaD0NMDKt5XgQ2y652KImo6EerLMxq+aMXR8="},{"Name":"original-resource","Value":"\"EKp9RSUZaD0NMDKt5XgQ2y652KImo6EerLMxq+aMXR8=\""}]},{"Route":"index.html","AssetFile":"index.html","Selectors":[],"ResponseHeaders":[{"Name":"Cache-Control","Value":"no-cache"},{"Name":"Content-Length","Value":"8416"},{"Name":"Content-Type","Value":"text/html"},{"Name":"ETag","Value":"\"EKp9RSUZaD0NMDKt5XgQ2y652KImo6EerLMxq+aMXR8=\""},{"Name":"Last-Modified","Value":"Fri, 27 Feb 2026 07:53:01 GMT"},{"Name":"Vary","Value":"Accept-Encoding"}],"EndpointProperties":[{"Name":"integrity","Value":"sha256-EKp9RSUZaD0NMDKt5XgQ2y652KImo6EerLMxq+aMXR8="}]},{"Route":"index.html.br","AssetFile":"index.html.br","Selectors":[],"ResponseHeaders":[{"Name":"Cache-Control","Value":"no-cache"},{"Name":"Content-Encoding","Value":"br"},{"Name":"Content-Length","Value":"1968"},{"Name":"Content-Type","Value":"text/html"},{"Name":"ETag","Value":"\"14TSiXCSGp1255BZgZBvFvy8xXspImqoE9TEsiSfTQE=\""},{"Name":"Last-Modified","Value":"Fri, 27 Feb 2026 07:53:35 GMT"},{"Name":"Vary","Value":"Accept-Encoding"}],"EndpointProperties":[{"Name":"integrity","Value":"sha256-14TSiXCSGp1255BZgZBvFvy8xXspImqoE9TEsiSfTQE="}]},{"Route":"index.html.gz","AssetFile":"index.html.gz","Selectors":[],"ResponseHeaders":[{"Name":"Cache-Control","Value":"no-cache"},{"Name":"Content-Encoding","Value":"gzip"},{"Name":"Content-Length","Value":"2470"},{"Name":"Content-Type","Value":"text/html"},{"Name":"ETag","Value":"\"34+F5XG9/tELlDDW8o1vgbcPlJCWYe886xW0rN5ZuB8=\""},{"Name":"Last-Modified","Value":"Fri, 27 Feb 2026 07:53:34 GMT"},{"Name":"Vary","Value":"Accept-Encoding"}],"EndpointProperties":[{"Name":"integrity","Value":"sha256-34+F5XG9/tELlDDW8o1vgbcPlJCWYe886xW0rN5ZuB8="}]}]}