{"Version":1,"ManifestType":"Publish","Endpoints":[{"Route":"index.html","AssetFile":"index.html.gz","Selectors":[{"Name":"Content-Encoding","Value":"gzip","Quality":"0.000332115576"}],"ResponseHeaders":[{"Name":"Cache-Control","Value":"no-cache"},{"Name":"Content-Encoding","Value":"gzip"},{"Name":"Content-Length","Value":"3010"},{"Name":"Content-Type","Value":"text/html"},{"Name":"ETag","Value":"\"LTZKtJZUXiwJwhOYjiIzjPNfOZg8hNrfhQR56KIx5mA=\""},{"Name":"Last-Modified","Value":"Sun, 01 Mar 2026 05:27:09 GMT"},{"Name":"Vary","Value":"Accept-Encoding"}],"EndpointProperties":[{"Name":"integrity","Value":"sha256-1lLCcG4x0WhdPmt5560SrBmyl97vvnwAvTxoOiBziBo="},{"Name":"original-resource","Value":"\"1lLCcG4x0WhdPmt5560SrBmyl97vvnwAvTxoOiBziBo=\""}]},{"Route":"index.html","AssetFile":"index.html.br","Selectors":[{"Name":"Content-Encoding","Value":"br","Quality":"0.000410509031"}],"ResponseHeaders":[{"Name":"Cache-Control","Value":"no-cache"},{"Name":"Content-Encoding","Value":"br"},{"Name":"Content-Length","Value":"2435"},{"Name":"Content-Type","Value":"text/html"},{"Name":"ETag","Value":"\"w1JF93BgCEfYs0Qo2uZYpGeeW3sE4RjHDgNWghIU3AM=\""},{"Name":"Last-Modified","Value":"Sun, 01 Mar 2026 05:27:10 GMT"},{"Name":"Vary","Value":"Accept-Encoding"}],"EndpointProperties":[{"Name":"integrity","Value":"sha256-1lLCcG4x0WhdPmt5560SrBmyl97vvnwAvTxoOiBziBo="},{"Name":"original-resource","Value":"\"1lLCcG4x0WhdPmt5560SrBmyl97vvnwAvTxoOiBziBo=\""}]},{"Route":"index.html","AssetFile":"index.html","Selectors":[],"ResponseHeaders":[{"Name":"Cache-Control","Value":"no-cache"},{"Name":"Content-Length","Value":"10657"},{"Name":"Content-Type","Value":"text/html"},{"Name":"ETag","Value":"\"1lLCcG4x0WhdPmt5560SrBmyl97vvnwAvTxoOiBziBo=\""},{"Name":"Last-Modified","Value":"Sun, 01 Mar 2026 05:19:07 GMT"},{"Name":"Vary","Value":"Accept-Encoding"}],"EndpointProperties":[{"Name":"integrity","Value":"sha256-1lLCcG4x0WhdPmt5560SrBmyl97vvnwAvTxoOiBziBo="}]},{"Route":"index.html.br","AssetFile":"index.html.br","Selectors":[],"ResponseHeaders":[{"Name":"Cache-Control","Value":"no-cache"},{"Name":"Content-Encoding","Value":"br"},{"Name":"Content-Length","Value":"2435"},{"Name":"Content-Type","Value":"text/html"},{"Name":"ETag","Value":"\"w1JF93BgCEfYs0Qo2uZYpGeeW3sE4RjHDgNWghIU3AM=\""},{"Name":"Last-Modified","Value":"Sun, 01 Mar 2026 05:27:10 GMT"},{"Name":"Vary","Value":"Accept-Encoding"}],"EndpointProperties":[{"Name":"integrity","Value":"sha256-w1JF93BgCEfYs0Qo2uZYpGeeW3sE4RjHDgNWghIU3AM="}]},{"Route":"index.html.gz","AssetFile":"index.html.gz","Selectors":[],"ResponseHeaders":[{"Name":"Cache-Control","Value":"no-cache"},{"Name":"Content-Encoding","Value":"gzip"},{"Name":"Content-Length","Value":"3010"},{"Name":"Content-Type","Value":"text/html"},{"Name":"ETag","Value":"\"LTZKtJZUXiwJwhOYjiIzjPNfOZg8hNrfhQR56KIx5mA=\""},{"Name":"Last-Modified","Value":"Sun, 01 Mar 2026 05:27:09 GMT"},{"Name":"Vary","Value":"Accept-Encoding"}],"EndpointProperties":[{"Name":"integrity","Value":"sha256-LTZKtJZUXiwJwhOYjiIzjPNfOZg8hNrfhQR56KIx5mA="}]},{"Route":"index.ummtjayj91.html","AssetFile":"index.html.gz","Selectors":[{"Name":"Content-Encoding","Value":"gzip","Quality":"0.000332115576"}],"ResponseHeaders":[{"Name":"Cache-Control","Value":"max-age=31536000, immutable"},{"Name":"Content-Encoding","Value":"gzip"},{"Name":"Content-Length","Value":"3010"},{"Name":"Content-Type","Value":"text/html"},{"Name":"ETag","Value":"\"LTZKtJZUXiwJwhOYjiIzjPNfOZg8hNrfhQR56KIx5mA=\""},{"Name":"Last-Modified","Value":"Sun, 01 Mar 2026 05:27:09 GMT"},{"Name":"Vary","Value":"Accept-Encoding"}],"EndpointProperties":[{"Name":"fingerprint","Value":"ummtjayj91"},{"Name":"integrity","Value":"sha256-1lLCcG4x0WhdPmt5560SrBmyl97vvnwAvTxoOiBziBo="},{"Name":"label","Value":"index.html"},{"Name":"original-resource","Value":"\"1lLCcG4x0WhdPmt5560SrBmyl97vvnwAvTxoOiBziBo=\""}]},{"Route":"index.ummtjayj91.html","AssetFile":"index.html.br","Selectors":[{"Name":"Content-Encoding","Value":"br","Quality":"0.000410509031"}],"ResponseHeaders":[{"Name":"Cache-Control","Value":"max-age=31536000, immutable"},{"Name":"Content-Encoding","Value":"br"},{"Name":"Content-Length","Value":"2435"},{"Name":"Content-Type","Value":"text/html"},{"Name":"ETag","Value":"\"w1JF93BgCEfYs0Qo2uZYpGeeW3sE4RjHDgNWghIU3AM=\""},{"Name":"Last-Modified","Value":"Sun, 01 Mar 2026 05:27:10 GMT"},{"Name":"Vary","Value":"Accept-Encoding"}],"EndpointProperties":[{"Name":"fingerprint","Value":"ummtjayj91"},{"Name":"integrity","Value":"sha256-1lLCcG4x0WhdPmt5560SrBmyl97vvnwAvTxoOiBziBo="},{"Name":"label","Value":"index.html"},{"Name":"original-resource","Value":"\"1lLCcG4x0WhdPmt5560SrBmyl97vvnwAvTxoOiBziBo=\""}]},{"Route":"index.ummtjayj91.html","AssetFile":"index.html","Selectors":[],"ResponseHeaders":[{"Name":"Cache-Control","Value":"max-age=31536000, immutable"},{"Name":"Content-Length","Value":"10657"},{"Name":"Content-Type","Value":"text/html"},{"Name":"ETag","Value":"\"1lLCcG4x0WhdPmt5560SrBmyl97vvnwAvTxoOiBziBo=\""},{"Name":"Last-Modified","Value":"Sun, 01 Mar 2026 05:19:07 GMT"},{"Name":"Vary","Value":"Accept-Encoding"}],"EndpointProperties":[{"Name":"fingerprint","Value":"ummtjayj91"},{"Name":"integrity","Value":"sha256-1lLCcG4x0WhdPmt5560SrBmyl97vvnwAvTxoOiBziBo="},{"Name":"label","Value":"index.html"}]},{"Route":"index.ummtjayj91.html.br","AssetFile":"index.html.br","Selectors":[],"ResponseHeaders":[{"Name":"Cache-Control","Value":"max-age=31536000, immutable"},{"Name":"Content-Encoding","Value":"br"},{"Name":"Content-Length","Value":"2435"},{"Name":"Content-Type","Value":"text/html"},{"Name":"ETag","Value":"\"w1JF93BgCEfYs0Qo2uZYpGeeW3sE4RjHDgNWghIU3AM=\""},{"Name":"Last-Modified","Value":"Sun, 01 Mar 2026 05:27:10 GMT"},{"Name":"Vary","Value":"Accept-Encoding"}],"EndpointProperties":[{"Name":"fingerprint","Value":"ummtjayj91"},{"Name":"integrity","Value":"sha256-w1JF93BgCEfYs0Qo2uZYpGeeW3sE4RjHDgNWghIU3AM="},{"Name":"label","Value":"index.html.br"}]},{"Route":"index.ummtjayj91.html.gz","AssetFile":"index.html.gz","Selectors":[],"ResponseHeaders":[{"Name":"Cache-Control","Value":"max-age=31536000, immutable"},{"Name":"Content-Encoding","Value":"gzip"},{"Name":"Content-Length","Value":"3010"},{"Name":"Content-Type","Value":"text/html"},{"Name":"ETag","Value":"\"LTZKtJZUXiwJwhOYjiIzjPNfOZg8hNrfhQR56KIx5mA=\""},{"Name":"Last-Modified","Value":"Sun, 01 Mar 2026 05:27:09 GMT"},{"Name":"Vary","Value":"Accept-Encoding"}],"EndpointProperties":[{"Name":"fingerprint","Value":"ummtjayj91"},{"Name":"integrity","Value":"sha256-LTZKtJZUXiwJwhOYjiIzjPNfOZg8hNrfhQR56KIx5mA="},{"Name":"label","Value":"index.html.gz"}]}]}