{"Version":1,"ManifestType":"Publish","Endpoints":[{"Route":"index.87ktn913cx.html","AssetFile":"index.html.gz","Selectors":[{"Name":"Content-Encoding","Value":"gzip","Quality":"0.000419639110"}],"ResponseHeaders":[{"Name":"Cache-Control","Value":"max-age=31536000, immutable"},{"Name":"Content-Encoding","Value":"gzip"},{"Name":"Content-Length","Value":"2382"},{"Name":"Content-Type","Value":"text/html"},{"Name":"ETag","Value":"\"dBxkuVvuMyYl7VqZMTfc0vNDJdo2DZk2EEI+EnF35v4=\""},{"Name":"Last-Modified","Value":"Fri, 27 Feb 2026 05:08:00 GMT"},{"Name":"Vary","Value":"Accept-Encoding"}],"EndpointProperties":[{"Name":"fingerprint","Value":"87ktn913cx"},{"Name":"integrity","Value":"sha256-fOljFQUaEs3qa3OAROHWgED+lS7TGhWGUxCJGbbKAvM="},{"Name":"label","Value":"index.html"},{"Name":"original-resource","Value":"\"fOljFQUaEs3qa3OAROHWgED+lS7TGhWGUxCJGbbKAvM=\""}]},{"Route":"index.87ktn913cx.html","AssetFile":"index.html.br","Selectors":[{"Name":"Content-Encoding","Value":"br","Quality":"0.000525762355"}],"ResponseHeaders":[{"Name":"Cache-Control","Value":"max-age=31536000, immutable"},{"Name":"Content-Encoding","Value":"br"},{"Name":"Content-Length","Value":"1901"},{"Name":"Content-Type","Value":"text/html"},{"Name":"ETag","Value":"\"scHFBLftfLSaLKDowHlggEy1lHSkOqXdQbWVQ/uZeNo=\""},{"Name":"Last-Modified","Value":"Fri, 27 Feb 2026 05:08:02 GMT"},{"Name":"Vary","Value":"Accept-Encoding"}],"EndpointProperties":[{"Name":"fingerprint","Value":"87ktn913cx"},{"Name":"integrity","Value":"sha256-fOljFQUaEs3qa3OAROHWgED+lS7TGhWGUxCJGbbKAvM="},{"Name":"label","Value":"index.html"},{"Name":"original-resource","Value":"\"fOljFQUaEs3qa3OAROHWgED+lS7TGhWGUxCJGbbKAvM=\""}]},{"Route":"index.87ktn913cx.html","AssetFile":"index.html","Selectors":[],"ResponseHeaders":[{"Name":"Cache-Control","Value":"max-age=31536000, immutable"},{"Name":"Content-Length","Value":"8203"},{"Name":"Content-Type","Value":"text/html"},{"Name":"ETag","Value":"\"fOljFQUaEs3qa3OAROHWgED+lS7TGhWGUxCJGbbKAvM=\""},{"Name":"Last-Modified","Value":"Fri, 27 Feb 2026 05:07:21 GMT"},{"Name":"Vary","Value":"Accept-Encoding"}],"EndpointProperties":[{"Name":"fingerprint","Value":"87ktn913cx"},{"Name":"integrity","Value":"sha256-fOljFQUaEs3qa3OAROHWgED+lS7TGhWGUxCJGbbKAvM="},{"Name":"label","Value":"index.html"}]},{"Route":"index.87ktn913cx.html.br","AssetFile":"index.html.br","Selectors":[],"ResponseHeaders":[{"Name":"Cache-Control","Value":"max-age=31536000, immutable"},{"Name":"Content-Encoding","Value":"br"},{"Name":"Content-Length","Value":"1901"},{"Name":"Content-Type","Value":"text/html"},{"Name":"ETag","Value":"\"scHFBLftfLSaLKDowHlggEy1lHSkOqXdQbWVQ/uZeNo=\""},{"Name":"Last-Modified","Value":"Fri, 27 Feb 2026 05:08:02 GMT"},{"Name":"Vary","Value":"Accept-Encoding"}],"EndpointProperties":[{"Name":"fingerprint","Value":"87ktn913cx"},{"Name":"integrity","Value":"sha256-scHFBLftfLSaLKDowHlggEy1lHSkOqXdQbWVQ/uZeNo="},{"Name":"label","Value":"index.html.br"}]},{"Route":"index.87ktn913cx.html.gz","AssetFile":"index.html.gz","Selectors":[],"ResponseHeaders":[{"Name":"Cache-Control","Value":"max-age=31536000, immutable"},{"Name":"Content-Encoding","Value":"gzip"},{"Name":"Content-Length","Value":"2382"},{"Name":"Content-Type","Value":"text/html"},{"Name":"ETag","Value":"\"dBxkuVvuMyYl7VqZMTfc0vNDJdo2DZk2EEI+EnF35v4=\""},{"Name":"Last-Modified","Value":"Fri, 27 Feb 2026 05:08:00 GMT"},{"Name":"Vary","Value":"Accept-Encoding"}],"EndpointProperties":[{"Name":"fingerprint","Value":"87ktn913cx"},{"Name":"integrity","Value":"sha256-dBxkuVvuMyYl7VqZMTfc0vNDJdo2DZk2EEI+EnF35v4="},{"Name":"label","Value":"index.html.gz"}]},{"Route":"index.html","AssetFile":"index.html.gz","Selectors":[{"Name":"Content-Encoding","Value":"gzip","Quality":"0.000419639110"}],"ResponseHeaders":[{"Name":"Cache-Control","Value":"no-cache"},{"Name":"Content-Encoding","Value":"gzip"},{"Name":"Content-Length","Value":"2382"},{"Name":"Content-Type","Value":"text/html"},{"Name":"ETag","Value":"\"dBxkuVvuMyYl7VqZMTfc0vNDJdo2DZk2EEI+EnF35v4=\""},{"Name":"Last-Modified","Value":"Fri, 27 Feb 2026 05:08:00 GMT"},{"Name":"Vary","Value":"Accept-Encoding"}],"EndpointProperties":[{"Name":"integrity","Value":"sha256-fOljFQUaEs3qa3OAROHWgED+lS7TGhWGUxCJGbbKAvM="},{"Name":"original-resource","Value":"\"fOljFQUaEs3qa3OAROHWgED+lS7TGhWGUxCJGbbKAvM=\""}]},{"Route":"index.html","AssetFile":"index.html.br","Selectors":[{"Name":"Content-Encoding","Value":"br","Quality":"0.000525762355"}],"ResponseHeaders":[{"Name":"Cache-Control","Value":"no-cache"},{"Name":"Content-Encoding","Value":"br"},{"Name":"Content-Length","Value":"1901"},{"Name":"Content-Type","Value":"text/html"},{"Name":"ETag","Value":"\"scHFBLftfLSaLKDowHlggEy1lHSkOqXdQbWVQ/uZeNo=\""},{"Name":"Last-Modified","Value":"Fri, 27 Feb 2026 05:08:02 GMT"},{"Name":"Vary","Value":"Accept-Encoding"}],"EndpointProperties":[{"Name":"integrity","Value":"sha256-fOljFQUaEs3qa3OAROHWgED+lS7TGhWGUxCJGbbKAvM="},{"Name":"original-resource","Value":"\"fOljFQUaEs3qa3OAROHWgED+lS7TGhWGUxCJGbbKAvM=\""}]},{"Route":"index.html","AssetFile":"index.html","Selectors":[],"ResponseHeaders":[{"Name":"Cache-Control","Value":"no-cache"},{"Name":"Content-Length","Value":"8203"},{"Name":"Content-Type","Value":"text/html"},{"Name":"ETag","Value":"\"fOljFQUaEs3qa3OAROHWgED+lS7TGhWGUxCJGbbKAvM=\""},{"Name":"Last-Modified","Value":"Fri, 27 Feb 2026 05:07:21 GMT"},{"Name":"Vary","Value":"Accept-Encoding"}],"EndpointProperties":[{"Name":"integrity","Value":"sha256-fOljFQUaEs3qa3OAROHWgED+lS7TGhWGUxCJGbbKAvM="}]},{"Route":"index.html.br","AssetFile":"index.html.br","Selectors":[],"ResponseHeaders":[{"Name":"Cache-Control","Value":"no-cache"},{"Name":"Content-Encoding","Value":"br"},{"Name":"Content-Length","Value":"1901"},{"Name":"Content-Type","Value":"text/html"},{"Name":"ETag","Value":"\"scHFBLftfLSaLKDowHlggEy1lHSkOqXdQbWVQ/uZeNo=\""},{"Name":"Last-Modified","Value":"Fri, 27 Feb 2026 05:08:02 GMT"},{"Name":"Vary","Value":"Accept-Encoding"}],"EndpointProperties":[{"Name":"integrity","Value":"sha256-scHFBLftfLSaLKDowHlggEy1lHSkOqXdQbWVQ/uZeNo="}]},{"Route":"index.html.gz","AssetFile":"index.html.gz","Selectors":[],"ResponseHeaders":[{"Name":"Cache-Control","Value":"no-cache"},{"Name":"Content-Encoding","Value":"gzip"},{"Name":"Content-Length","Value":"2382"},{"Name":"Content-Type","Value":"text/html"},{"Name":"ETag","Value":"\"dBxkuVvuMyYl7VqZMTfc0vNDJdo2DZk2EEI+EnF35v4=\""},{"Name":"Last-Modified","Value":"Fri, 27 Feb 2026 05:08:00 GMT"},{"Name":"Vary","Value":"Accept-Encoding"}],"EndpointProperties":[{"Name":"integrity","Value":"sha256-dBxkuVvuMyYl7VqZMTfc0vNDJdo2DZk2EEI+EnF35v4="}]}]}