{"Version":1,"ManifestType":"Publish","Endpoints":[{"Route":"index.html","AssetFile":"index.html.gz","Selectors":[{"Name":"Content-Encoding","Value":"gzip","Quality":"0.000400160064"}],"ResponseHeaders":[{"Name":"Cache-Control","Value":"no-cache"},{"Name":"Content-Encoding","Value":"gzip"},{"Name":"Content-Length","Value":"2498"},{"Name":"Content-Type","Value":"text/html"},{"Name":"ETag","Value":"\"LNf3mskmeEd40uoR1C/TwSVRnFCmBkok8x8mdJ7Ha68=\""},{"Name":"Last-Modified","Value":"Sun, 01 Mar 2026 05:09:16 GMT"},{"Name":"Vary","Value":"Accept-Encoding"}],"EndpointProperties":[{"Name":"integrity","Value":"sha256-UT7kTcwo30bhiT1Di01dlxcuzkZnqi43rCV3pz8iw6c="},{"Name":"original-resource","Value":"\"UT7kTcwo30bhiT1Di01dlxcuzkZnqi43rCV3pz8iw6c=\""}]},{"Route":"index.html","AssetFile":"index.html.br","Selectors":[{"Name":"Content-Encoding","Value":"br","Quality":"0.000502008032"}],"ResponseHeaders":[{"Name":"Cache-Control","Value":"no-cache"},{"Name":"Content-Encoding","Value":"br"},{"Name":"Content-Length","Value":"1991"},{"Name":"Content-Type","Value":"text/html"},{"Name":"ETag","Value":"\"Tmp3CqWYJXZkpWz7GAkpuboKP6yvmf1YZCLdwDJ/uRs=\""},{"Name":"Last-Modified","Value":"Sun, 01 Mar 2026 05:09:17 GMT"},{"Name":"Vary","Value":"Accept-Encoding"}],"EndpointProperties":[{"Name":"integrity","Value":"sha256-UT7kTcwo30bhiT1Di01dlxcuzkZnqi43rCV3pz8iw6c="},{"Name":"original-resource","Value":"\"UT7kTcwo30bhiT1Di01dlxcuzkZnqi43rCV3pz8iw6c=\""}]},{"Route":"index.html","AssetFile":"index.html","Selectors":[],"ResponseHeaders":[{"Name":"Cache-Control","Value":"no-cache"},{"Name":"Content-Length","Value":"8620"},{"Name":"Content-Type","Value":"text/html"},{"Name":"ETag","Value":"\"UT7kTcwo30bhiT1Di01dlxcuzkZnqi43rCV3pz8iw6c=\""},{"Name":"Last-Modified","Value":"Sun, 01 Mar 2026 05:08:50 GMT"},{"Name":"Vary","Value":"Accept-Encoding"}],"EndpointProperties":[{"Name":"integrity","Value":"sha256-UT7kTcwo30bhiT1Di01dlxcuzkZnqi43rCV3pz8iw6c="}]},{"Route":"index.html.br","AssetFile":"index.html.br","Selectors":[],"ResponseHeaders":[{"Name":"Cache-Control","Value":"no-cache"},{"Name":"Content-Encoding","Value":"br"},{"Name":"Content-Length","Value":"1991"},{"Name":"Content-Type","Value":"text/html"},{"Name":"ETag","Value":"\"Tmp3CqWYJXZkpWz7GAkpuboKP6yvmf1YZCLdwDJ/uRs=\""},{"Name":"Last-Modified","Value":"Sun, 01 Mar 2026 05:09:17 GMT"},{"Name":"Vary","Value":"Accept-Encoding"}],"EndpointProperties":[{"Name":"integrity","Value":"sha256-Tmp3CqWYJXZkpWz7GAkpuboKP6yvmf1YZCLdwDJ/uRs="}]},{"Route":"index.html.gz","AssetFile":"index.html.gz","Selectors":[],"ResponseHeaders":[{"Name":"Cache-Control","Value":"no-cache"},{"Name":"Content-Encoding","Value":"gzip"},{"Name":"Content-Length","Value":"2498"},{"Name":"Content-Type","Value":"text/html"},{"Name":"ETag","Value":"\"LNf3mskmeEd40uoR1C/TwSVRnFCmBkok8x8mdJ7Ha68=\""},{"Name":"Last-Modified","Value":"Sun, 01 Mar 2026 05:09:16 GMT"},{"Name":"Vary","Value":"Accept-Encoding"}],"EndpointProperties":[{"Name":"integrity","Value":"sha256-LNf3mskmeEd40uoR1C/TwSVRnFCmBkok8x8mdJ7Ha68="}]},{"Route":"index.rx372cgbua.html","AssetFile":"index.html.gz","Selectors":[{"Name":"Content-Encoding","Value":"gzip","Quality":"0.000400160064"}],"ResponseHeaders":[{"Name":"Cache-Control","Value":"max-age=31536000, immutable"},{"Name":"Content-Encoding","Value":"gzip"},{"Name":"Content-Length","Value":"2498"},{"Name":"Content-Type","Value":"text/html"},{"Name":"ETag","Value":"\"LNf3mskmeEd40uoR1C/TwSVRnFCmBkok8x8mdJ7Ha68=\""},{"Name":"Last-Modified","Value":"Sun, 01 Mar 2026 05:09:16 GMT"},{"Name":"Vary","Value":"Accept-Encoding"}],"EndpointProperties":[{"Name":"fingerprint","Value":"rx372cgbua"},{"Name":"integrity","Value":"sha256-UT7kTcwo30bhiT1Di01dlxcuzkZnqi43rCV3pz8iw6c="},{"Name":"label","Value":"index.html"},{"Name":"original-resource","Value":"\"UT7kTcwo30bhiT1Di01dlxcuzkZnqi43rCV3pz8iw6c=\""}]},{"Route":"index.rx372cgbua.html","AssetFile":"index.html.br","Selectors":[{"Name":"Content-Encoding","Value":"br","Quality":"0.000502008032"}],"ResponseHeaders":[{"Name":"Cache-Control","Value":"max-age=31536000, immutable"},{"Name":"Content-Encoding","Value":"br"},{"Name":"Content-Length","Value":"1991"},{"Name":"Content-Type","Value":"text/html"},{"Name":"ETag","Value":"\"Tmp3CqWYJXZkpWz7GAkpuboKP6yvmf1YZCLdwDJ/uRs=\""},{"Name":"Last-Modified","Value":"Sun, 01 Mar 2026 05:09:17 GMT"},{"Name":"Vary","Value":"Accept-Encoding"}],"EndpointProperties":[{"Name":"fingerprint","Value":"rx372cgbua"},{"Name":"integrity","Value":"sha256-UT7kTcwo30bhiT1Di01dlxcuzkZnqi43rCV3pz8iw6c="},{"Name":"label","Value":"index.html"},{"Name":"original-resource","Value":"\"UT7kTcwo30bhiT1Di01dlxcuzkZnqi43rCV3pz8iw6c=\""}]},{"Route":"index.rx372cgbua.html","AssetFile":"index.html","Selectors":[],"ResponseHeaders":[{"Name":"Cache-Control","Value":"max-age=31536000, immutable"},{"Name":"Content-Length","Value":"8620"},{"Name":"Content-Type","Value":"text/html"},{"Name":"ETag","Value":"\"UT7kTcwo30bhiT1Di01dlxcuzkZnqi43rCV3pz8iw6c=\""},{"Name":"Last-Modified","Value":"Sun, 01 Mar 2026 05:08:50 GMT"},{"Name":"Vary","Value":"Accept-Encoding"}],"EndpointProperties":[{"Name":"fingerprint","Value":"rx372cgbua"},{"Name":"integrity","Value":"sha256-UT7kTcwo30bhiT1Di01dlxcuzkZnqi43rCV3pz8iw6c="},{"Name":"label","Value":"index.html"}]},{"Route":"index.rx372cgbua.html.br","AssetFile":"index.html.br","Selectors":[],"ResponseHeaders":[{"Name":"Cache-Control","Value":"max-age=31536000, immutable"},{"Name":"Content-Encoding","Value":"br"},{"Name":"Content-Length","Value":"1991"},{"Name":"Content-Type","Value":"text/html"},{"Name":"ETag","Value":"\"Tmp3CqWYJXZkpWz7GAkpuboKP6yvmf1YZCLdwDJ/uRs=\""},{"Name":"Last-Modified","Value":"Sun, 01 Mar 2026 05:09:17 GMT"},{"Name":"Vary","Value":"Accept-Encoding"}],"EndpointProperties":[{"Name":"fingerprint","Value":"rx372cgbua"},{"Name":"integrity","Value":"sha256-Tmp3CqWYJXZkpWz7GAkpuboKP6yvmf1YZCLdwDJ/uRs="},{"Name":"label","Value":"index.html.br"}]},{"Route":"index.rx372cgbua.html.gz","AssetFile":"index.html.gz","Selectors":[],"ResponseHeaders":[{"Name":"Cache-Control","Value":"max-age=31536000, immutable"},{"Name":"Content-Encoding","Value":"gzip"},{"Name":"Content-Length","Value":"2498"},{"Name":"Content-Type","Value":"text/html"},{"Name":"ETag","Value":"\"LNf3mskmeEd40uoR1C/TwSVRnFCmBkok8x8mdJ7Ha68=\""},{"Name":"Last-Modified","Value":"Sun, 01 Mar 2026 05:09:16 GMT"},{"Name":"Vary","Value":"Accept-Encoding"}],"EndpointProperties":[{"Name":"fingerprint","Value":"rx372cgbua"},{"Name":"integrity","Value":"sha256-LNf3mskmeEd40uoR1C/TwSVRnFCmBkok8x8mdJ7Ha68="},{"Name":"label","Value":"index.html.gz"}]}]}